date,p_MSFT,p_SP500,pct_msft,pct_sp500,p_AAPL,pct_aapl,riskfree_annual_pct,riskfree_monthly_pct
1998-01-30,18.648438,980.280029,15.425535009671163,1.0150176798997546,0.654018,39.52384,5.04,0.42
1998-02-27,21.1875,1049.339966,13.615413794978435,7.044919304379715,0.84375,29.01021072814509,5.09,0.42416666666666664
1998-03-31,22.375,1101.75,5.604719764011801,4.9945714161429455,0.982143,16.402133333333335,5.03,0.4191666666666667
1998-04-30,22.53125,1111.75,0.6983240223463749,0.9076469253460396,0.977679,-0.4545162975249095,4.95,0.41250000000000003
1998-05-29,21.203125,1090.819946,-5.894590846047154,-1.8826223521475116,0.950893,-2.7397540501534756,5.0,0.4166666666666667
1998-06-30,27.09375,1133.839966,27.78187177597642,3.9438241075214098,1.024554,7.746507756393206,4.98,0.41500000000000004
1998-07-31,27.484375,1120.670044,1.4417531718569745,-1.161532702578949,1.236607,20.697103324958952,4.96,0.41333333333333333
1998-08-31,23.984375,957.280029,-12.734508243320064,-14.57967185567065,1.113839,-9.92781053317666,4.9,0.4083333333333334
1998-09-30,27.515625,1017.01001,14.723127035830627,6.239551561771894,1.361607,22.24450750961315,4.61,0.3841666666666667
1998-10-30,26.46875,1098.670044,-3.804656445201593,8.029422837244237,1.325893,-2.622930111258248,3.96,0.33
1998-11-30,30.5,1163.630005,15.230224321133411,5.912599633962534,1.140625,-13.973073241958431,4.41,0.3675
1998-12-31,34.671875,1229.22998,13.678278688524582,5.637528657573587,1.462054,28.180076712328763,4.39,0.3658333333333333
1999-01-29,43.75,1279.640015,26.182965299684536,4.1009441536725255,1.470982,0.6106477599322702,4.34,0.36166666666666664
1999-02-26,37.53125,1238.329956,-14.214285714285712,-3.2282562686194116,1.243304,-15.477959621531744,4.44,0.37000000000000005
1999-03-31,44.8125,1286.369995,19.400499583680265,3.8794215360158817,1.283482,3.23155077117101,4.44,0.37000000000000005
1999-04-30,40.65625,1335.180054,-9.274755927475598,3.794402791554541,1.642857,28.000003116522088,4.29,0.3575
1999-05-28,40.34375,1301.839966,-0.768639508070712,-2.497048087268683,1.573661,-4.211930801037466,4.5,0.375
1999-06-30,45.09375,1372.709961,11.773818745158792,5.443833101679418,1.654018,5.106372973594686,4.57,0.38083333333333336
1999-07-30,42.90625,1328.719971,-4.851004851004848,-3.204609221889376,1.988839,20.242887320452382,4.55,0.37916666666666665
1999-08-31,46.28125,1320.410034,7.865986890021848,-0.6254092044500448,2.330357,17.17172682152752,4.72,0.3933333333333333
1999-09-30,45.28125,1282.709961,-2.160702228224176,-2.8551792268491583,2.261161,-2.969330450227148,4.68,0.38999999999999996
1999-10-29,46.28125,1362.930054,2.208419599723954,6.253954162596531,2.861607,26.55476545013822,4.86,0.405
1999-11-30,45.523438,1388.910034,-1.6374060769750232,1.906185862124965,3.495536,22.1529021979608,5.07,0.42250000000000004
1999-12-31,58.375,1469.25,28.230649012053966,5.784389487677943,3.671875,5.044691286257663,5.2,0.43333333333333335
2000-01-31,48.9375,1394.459961,-16.167023554603855,-5.090354874936187,3.705357,0.9118502127659412,5.32,0.44333333333333336
2000-02-29,44.6875,1366.420044,-8.684546615581102,-2.0108083261058285,4.09375,10.481931970387738,5.55,0.46249999999999997
2000-03-31,53.125,1498.579956,18.881118881118873,9.671982826973236,4.850446,18.484177099236643,5.69,0.4741666666666667
2000-04-28,34.875,1452.430054,-34.35294117647059,-3.079575555193137,4.430804,-8.651616779158033,5.66,0.4716666666666667
2000-05-31,31.28125,1420.599976,-10.30465949820788,-2.1915050512993584,3.0,-32.292197984835255,5.79,0.4825
2000-06-30,40.0,1454.599976,27.872127872127873,2.393354960890126,3.741071,24.702366666666652,5.69,0.4741666666666667
2000-07-31,34.90625,1430.829956,-12.734374999999998,-1.6341276221772727,3.629464,-2.9832900792313155,5.96,0.49666666666666665
2000-08-31,34.90625,1517.680054,0.0,6.069910518423605,4.352679,19.9262205107972,6.09,0.5075
2000-09-29,30.15625,1436.51001,-13.60787824529991,-5.348297474561125,1.839286,-57.74358734011857,6.0,0.5
2000-10-31,34.4375,1429.400024,14.196891191709838,-0.4949485872360881,1.397321,-24.02916131585844,6.11,0.5091666666666667
2000-11-30,28.6875,1314.949951,-16.69691470054446,-8.00686099610699,1.178571,-15.654956878197634,6.17,0.5141666666666667
2000-12-29,21.6875,1320.280029,-24.400871459694983,0.4053445529197841,1.0625,-9.848452066103786,5.77,0.4808333333333333
2001-01-31,30.53125,1366.01001,40.77809798270893,3.46365770863295,1.544643,45.37816470588236,5.15,0.4291666666666667
2001-02-28,29.5,1239.939941,-3.377686796315249,-9.229073584900004,1.303571,-15.60697196698525,4.88,0.4066666666666667
2001-03-30,27.34375,1160.329956,-7.309322033898303,-6.42047105408955,1.576429,20.931579484354913,4.42,0.36833333333333335
2001-04-30,33.875,1249.459961,23.88571428571429,7.68143617590098,1.820714,15.496099094852989,3.87,0.3225
2001-05-31,34.59,1255.819946,2.1107011070110815,0.5090187119649592,1.425,-21.734001056728292,3.62,0.3016666666666667
2001-06-29,36.5,1224.380005,5.5218271176640465,-2.5035389109833495,1.660714,16.54133333333334,3.49,0.29083333333333333
2001-07-31,33.095001,1211.22998,-9.32876438356164,-1.0740150072934165,1.342143,-19.18277319273517,3.51,0.2925
2001-08-31,28.525,1133.579956,-13.808735041283136,-6.410840656371475,1.325,-1.2772856543602384,3.36,0.27999999999999997
2001-09-28,25.584999,1040.939941,-10.30675197195442,-8.172340601971618,1.107857,-16.38815094339622,2.64,0.22
2001-10-31,29.075001,1059.780029,13.640813509510007,1.809911144527776,1.254286,13.217319563806518,2.16,0.18000000000000002
2001-11-30,32.105,1139.449951,10.421320363841067,7.517590426305354,1.521429,21.298412004917537,1.87,0.15583333333333335
2001-12-31,33.125,1148.079956,3.1770752219280496,0.7573834192915685,1.564286,2.8168912252888756,1.69,0.14083333333333334
2002-01-31,31.855,1130.199951,-3.833962264150947,-1.5573832559794276,1.765714,12.87667344718293,1.65,0.13749999999999998
2002-02-28,29.17,1106.72998,-8.428818081933754,-2.076621130556034,1.55,-12.216814274565412,1.72,0.14333333333333334
2002-03-28,30.155001,1147.390015,3.3767603702433924,3.673889361883909,1.690714,9.07832258064516,1.79,0.14916666666666667
2002-04-30,26.129999,1076.920044,-13.347709721515166,-6.141762615913993,1.733571,2.53484622473108,1.71,0.1425
2002-05-31,25.455,1067.140015,-2.58323392970663,-0.908148107604545,1.664286,-3.996663534403844,1.73,0.14416666666666667
2002-06-28,27.35,989.820007,7.444509919465747,-7.245535441757367,1.265714,-23.948528077505905,1.7,0.14166666666666666
2002-07-31,23.99,911.619995,-12.28519195612432,-7.900427496612528,1.09,-13.882599070564115,1.68,0.13999999999999999
2002-08-30,24.540001,916.070007,2.2926260942059296,0.4881433080019315,1.053571,-3.3421100917431223,1.62,0.135
2002-09-30,21.870001,815.280029,-10.88019515565628,-11.002431826151904,1.035714,-1.6949023843670696,1.63,0.13583333333333333
2002-10-31,26.735001,885.76001,22.245083573613012,8.644880101680986,1.147857,10.827602986924957,1.58,0.13166666666666668
2002-11-29,28.84,936.309998,7.873569931790914,5.706962092361789,1.107143,-3.546957504288417,1.23,0.1025
2002-12-31,25.85,879.820007,-10.367545076282935,-6.033257267429059,1.023571,-7.548437735685454,1.19,0.09916666666666667
2003-01-31,23.73,855.700012,-8.201160541586072,-2.7414692559952214,1.025714,0.2093650562589255,1.17,0.09749999999999999
2003-02-28,23.700001,841.150024,-0.1264180362410494,-1.7003608502929368,1.072143,4.526505439138018,1.17,0.09749999999999999
2003-03-31,24.209999,848.179993,2.15189020456159,0.8357568566151441,1.01,-5.796148461539186,1.13,0.09416666666666666
2003-04-30,25.57,916.919983,5.617517786762405,8.104410687272612,1.015714,0.5657425742574329,1.13,0.09416666666666666
2003-05-30,24.610001,963.590027,-3.7543957763003566,5.089870966417798,1.282143,26.230710613420705,1.07,0.08916666666666667
2003-06-30,25.639999,974.5,4.185282235461907,1.1322214525161467,1.361429,6.183865606254524,0.92,0.07666666666666667
2003-07-31,26.41,990.309998,3.003124142087521,1.6223702411493068,1.505714,10.598055425585915,0.9,0.075
2003-08-29,26.52,1008.01001,0.4165088981446407,1.7873203376464364,1.615,7.2580848687068045,0.95,0.07916666666666666
2003-09-30,27.799999,995.969971,4.82654223227752,-1.194436452074521,1.48,-8.359133126934982,0.94,0.07833333333333332
2003-10-31,26.139999,1050.709961,-5.971223236374934,5.496148638401066,1.635,10.472972972972984,0.92,0.07666666666666667
2003-11-28,25.709999,1058.199951,-1.6449885862658165,0.7128503847885437,1.493571,-8.65009174311927,0.93,0.0775
2003-12-31,27.370001,1111.920044,6.456639691040045,5.076554100123931,1.526429,2.1999623720599937,0.9,0.075
2004-01-30,27.65,1131.130005,1.0230142118007324,1.7276387006114555,1.611429,5.56855248426229,0.88,0.07333333333333333
2004-02-27,26.530001,1144.939941,-4.050629294755881,1.2208973273589496,1.708571,6.028313999561874,0.93,0.0775
2004-03-31,24.93,1126.209961,-6.030911947572104,-1.6358919214261247,1.931429,13.043531699882529,0.94,0.07833333333333332
2004-04-30,26.129999,1107.300049,4.813473726434014,-1.6790751862298725,1.841429,-4.659762279638546,0.94,0.07833333333333332
2004-05-28,26.23,1120.680054,0.3827057169041525,1.2083450201310295,2.004286,8.844055350491375,1.02,0.085
2004-06-30,28.559999,1140.839966,8.882954632100649,1.7988998669195675,2.324286,15.965785322054838,1.27,0.10583333333333333
2004-07-30,28.49,1101.719971,-0.2450945463968734,-3.4290519411904974,2.31,-0.6146403669772038,1.33,0.11083333333333334
2004-08-31,27.299999,1104.23999,-4.176907686907683,0.2287349840552233,2.463571,6.648095238095242,1.48,0.12333333333333334
2004-09-30,27.65,1114.579956,1.2820549920166568,0.9363875691551504,2.767857,12.351419950957364,1.65,0.13749999999999998
2004-10-29,27.969999,1130.199951,1.1573200723327348,1.4014243586486952,3.742857,35.22580826971915,1.76,0.14666666666666667
2004-11-30,26.809999,1173.819946,-4.1473008275760055,3.859493619815235,4.789286,27.958027784657546,2.07,0.1725
2004-12-31,26.719999,1211.920044,-0.3356956484780182,3.24582131440454,4.6,-3.952280151989251,2.19,0.1825
2005-01-31,26.280001,1181.27002,-1.646699163424381,-2.529046709949456,5.492857,19.40993478260871,2.33,0.19416666666666668
2005-02-28,25.16,1203.599976,-4.261799685624057,1.8903346078316563,6.408571,16.670996532405645,2.54,0.21166666666666667
2005-03-31,24.17,1180.589966,-3.934817170111282,-1.9117655748441045,5.952857,-7.111008054681777,2.74,0.22833333333333336
2005-04-29,25.299999,1156.849976,4.675213074058737,-2.01085818816793,5.151429,-13.46291369001472,2.78,0.23166666666666666
2005-05-31,25.799999,1191.5,1.976284663094252,2.9952046262565757,5.68,10.260667476927264,2.84,0.23666666666666666
2005-06-30,24.84,1191.329956,-3.720926500811106,-0.0142714225765838,5.258572,-7.419507042253515,2.97,0.24750000000000003
2005-07-29,25.610001,1234.180054,3.0998429951690776,3.5968287193812287,6.092857,15.865238699783912,3.22,0.26833333333333337
2005-08-31,27.379999,1220.329956,6.911354669607395,-1.1222104874496597,6.698571,9.941378896632555,3.44,0.2866666666666667
2005-09-30,25.73,1228.810059,-6.026293134634519,0.6949024694760331,7.658571,14.33141486445393,3.42,0.285
2005-10-31,25.700001,1207.01001,-0.1165915273999229,-1.7740780066319406,8.227143,7.423995938667938,3.71,0.30916666666666665
2005-11-30,27.68,1249.47998,7.704275964814156,3.518609592972654,9.688571,17.763493353646574,3.88,0.3233333333333333
2005-12-30,26.15,1248.290039,-5.527456647398843,-0.0952348992418472,10.27,6.001184281975114,3.89,0.32416666666666666
2006-01-31,28.15,1280.079956,7.648183556405352,2.5466771348641615,10.787143,5.0354722492697235,4.24,0.35333333333333333
2006-02-28,26.870001,1280.660034,-4.547065719360566,0.0453157630725398,9.784286,-9.296780435746522,4.43,0.36916666666666664
2006-03-31,27.209999,1294.869995,1.265344203001706,1.1095810459249569,8.96,-8.424590205151395,4.51,0.3758333333333333
2006-04-28,24.15,1310.609985,-11.24586222880788,1.2155652737941391,10.055715,12.2289620535714,4.6,0.3833333333333333
2006-05-31,22.65,1270.089966,-6.211180124223603,-3.0916916141150885,8.538571,-15.087380658660276,4.72,0.3933333333333333
2006-06-30,23.299999,1270.199951,2.869752759381905,0.0086596227782509,8.181429,-4.182690522805277,4.79,0.39916666666666667
2006-07-31,24.059999,1276.660034,3.2618027150988382,0.5085878797990828,9.708571,18.66595676623239,4.95,0.41250000000000003
2006-08-31,25.700001,1303.819946,6.816301197684993,2.127419303234812,9.692857,-0.1618569818359394,4.96,0.41333333333333333
2006-09-29,27.35,1335.849976,6.420229322170079,2.4566298512509466,10.997143,13.456156425293386,4.81,0.4008333333333333
2006-10-31,28.709999,1377.939941,4.97257404021938,3.1508002961554205,11.582857,5.326056049284822,4.92,0.41
2006-11-30,29.360001,1400.630005,2.2640265504711543,1.6466656727820217,13.094286,13.0488445121959,4.94,0.4116666666666667
2006-12-29,29.860001,1418.300049,1.702997217200375,1.2615782852659851,12.12,-7.440543149889967,4.85,0.4041666666666666
2007-01-31,30.860001,1438.23999,3.3489617096797764,1.4059042735039773,12.247143,1.0490346534653527,4.98,0.41500000000000004
2007-02-28,28.17,1406.819946,-8.716788440804002,-2.184617603352823,12.087143,-1.3064271397827287,5.03,0.4191666666666667
2007-03-30,27.870001,1420.859985,-1.0649591764288369,0.9979982896830552,13.272857,9.80971268396511,4.94,0.4116666666666667
2007-04-30,29.940001,1482.369995,7.4273409606264496,4.329069060242419,14.257143,7.415780943017758,4.87,0.4058333333333333
2007-05-31,30.690001,1530.619995,2.505009936372415,3.254922870993493,17.312857,21.432863512696777,4.73,0.3941666666666667
2007-06-29,29.469999,1503.349976,-3.9752426205525326,-1.7816322202167556,17.434286,0.7013804827244785,4.61,0.3841666666666667
2007-07-31,28.99,1455.27002,-1.628771687437125,-3.1981878316802548,18.822857,7.964599181176668,4.82,0.40166666666666667
2007-08-31,28.73,1473.98999,-0.8968609865470767,1.2863571531556817,19.782858,5.100187500760378,4.2,0.35000000000000003
2007-09-28,29.459999,1526.75,2.5408945353289303,3.579400834329949,21.924286,10.824664464558143,3.89,0.32416666666666666
2007-10-31,36.810001,1549.380005,24.94909113880146,1.482233830031121,27.135714,23.77011502221784,3.9,0.325
2007-11-30,33.599998,1481.140015,-8.720464310772503,-4.404341722481442,26.031429,-4.069489382147829,3.27,0.2725
2007-12-31,35.599998,1468.359985,5.952381306689358,-0.8628509033968612,28.297142,8.703759597677108,3.0,0.25
2008-01-31,32.599998,1378.550049,-8.426966765559929,-6.116343193593643,19.337143,-31.663971577058913,2.75,0.22916666666666666
2008-02-29,27.200001,1330.630005,-16.564408991681535,-3.476119277262446,17.860001,-7.638884399830936,2.12,0.17666666666666667
2008-03-31,28.379999,1322.699951,4.338227781682802,-0.5959623614529841,20.5,14.781628511666934,1.26,0.105
2008-04-30,28.52,1385.589966,0.4933086854583601,4.754669791319888,24.85,21.219512195121947,1.29,0.1075
2008-05-30,28.32,1400.380005,-0.7012622720897643,1.067418165757705,26.964285,8.508189134808841,1.73,0.14416666666666667
2008-06-30,27.51,1280.0,-2.8601694915254217,-8.596238490280362,23.92,-11.29006387523347,1.86,0.155
2008-07-31,25.719999,1267.380005,-6.50672846237732,-0.9859371093750012,22.707144,-5.0704682274247626,1.63,0.13583333333333333
2008-08-29,27.290001,1282.829956,6.104207080256874,1.219046453238004,24.218571,6.65617393363076,1.72,0.14333333333333334
2008-09-30,26.690001,1166.359985,-2.1986074679880008,-9.07914337790846,16.237143,-32.95581725280158,1.13,0.09416666666666666
2008-10-31,22.33,968.75,-16.335709391693165,-16.94245237674199,15.37,-5.340490011081389,0.67,0.05583333333333334
2008-11-28,20.219999,896.23999,-9.449175996417358,-7.484904258064517,13.238571,-13.867462589459976,0.19,0.015833333333333335
2008-12-31,19.440001,903.25,-3.857557065161099,0.7821576897053983,12.192857,-7.898994536494919,0.03,0.0025
2009-01-30,17.1,825.880005,-12.037041561880567,-8.56573429283144,12.875714,5.600467552436639,0.13,0.010833333333333334
2009-02-27,16.15,735.090027,-5.55555555555557,-10.993119757149229,12.758572,-0.9097903230842252,0.3,0.024999999999999998
2009-03-31,18.370001,797.869995,13.74613622291021,8.54044616224947,15.017143,17.702380799355932,0.21,0.017499999999999998
2009-04-30,20.26,872.809998,10.28850787759894,9.392507986216469,17.975714,19.701290718214494,0.16,0.013333333333333334
2009-05-29,20.889999,919.140015,3.1095705824284225,5.308144625538547,19.401428,7.931334466046791,0.18,0.015
2009-06-30,23.77,919.320007,13.786506164983535,0.0195826530303033,20.347143,4.8744607871131995,0.18,0.015
2009-07-31,23.52,987.47998,-1.0517458981909922,7.414172701671662,23.341429,14.716002143396745,0.18,0.015
2009-08-31,24.65,1020.619995,4.804421768707479,3.3560189240494864,24.030001,2.9499993338025554,0.17,0.014166666666666668
2009-09-30,25.719999,1057.079956,4.340766734279922,3.5723345788458705,26.478571,10.18963752852111,0.12,0.01
2009-10-30,27.73,1036.189941,7.814934207423563,-1.9762000860415465,26.928572,1.699491260310082,0.07,0.005833333333333334
2009-11-30,29.41,1095.630005,6.058420483231153,5.736406198137356,28.558571,6.05304655590353,0.05,0.004166666666666667
2009-12-31,30.48,1115.099976,3.638218293097584,1.777057118840042,30.104286,5.41243817836683,0.05,0.004166666666666667
2010-01-29,28.18,1073.869995,-7.545931758530189,-3.6974246154947377,27.437143,-8.85967865173749,0.06,0.005
2010-02-26,28.67,1104.48999,1.738821859474804,2.85136889405313,29.231428,6.539620397065393,0.11,0.009166666666666667
2010-03-31,29.290001,1169.430054,2.1625427275898,5.8796426031891835,33.57143,14.847040657746843,0.15,0.012499999999999999
2010-04-30,30.540001,1186.689941,4.267668000421021,1.475922988379108,37.298573,11.102127612675416,0.16,0.013333333333333334
2010-05-28,25.799999,1089.410034,-15.52063472427523,-8.197584191033446,36.697144,-1.612471876605026,0.16,0.013333333333333334
2010-06-30,23.01,1030.709961,-10.813950031548448,-5.388244202641513,35.932858,-2.082685235668469,0.12,0.01
2010-07-30,25.809999,1101.599976,12.16861799217732,6.877784991155234,36.75,2.2740801747525907,0.16,0.013333333333333334
2010-08-31,23.469999,1049.329956,-9.066253741427888,-4.74491840402872,34.728573,-5.500481632653065,0.16,0.013333333333333334
2010-09-30,24.49,1141.199951,4.345978029227848,8.755110294402012,40.535713,16.721504796641096,0.15,0.012499999999999999
2010-10-29,26.67,1183.26001,8.901592486729282,3.685599439707654,42.997143,6.072250412864322,0.13,0.010833333333333334
2010-11-30,25.26,1180.550049,-5.286839145106859,-0.2290249798943211,44.450001,3.3789640395409437,0.14,0.011666666666666667
2010-12-31,27.91,1257.640015,10.490894695170216,6.530004048985472,46.080002,3.6670437870181423,0.14,0.011666666666666667
2011-01-31,27.73,1286.119995,-0.644930132568966,2.264557398008682,48.474285,5.195926423787922,0.15,0.012499999999999999
2011-02-28,26.58,1327.219971,-4.1471330688784835,3.195656405295222,50.458572,4.09348379248915,0.13,0.010833333333333334
2011-03-31,25.389999,1325.829956,-4.477054176072226,-0.1047313203818567,49.787144,-1.3306520049754855,0.1,0.008333333333333333
2011-04-29,25.92,1363.609985,2.087440019198117,2.849538044379507,50.01857,0.4648308406684176,0.06,0.005
2011-05-31,25.01,1345.199951,-3.510802469135798,-1.350095276693064,49.689999,-0.6568980280723724,0.04,0.0033333333333333335
2011-06-30,26.0,1320.640015,3.958416633346662,-1.825746126569705,47.952858,-3.4959570033398446,0.04,0.0033333333333333335
2011-07-29,27.4,1292.280029,5.384615384615388,-2.1474425791952023,55.782856,16.328532493308323,0.04,0.0033333333333333335
2011-08-31,26.6,1218.890015,-2.9197080291970656,-5.679110746359761,54.975716,-1.4469320107955874,0.02,0.0016666666666666668
2011-09-30,24.889999,1131.420044,-6.4285751879699315,-7.176198830376013,54.474285,-0.9120954422858208,0.01,0.0008333333333333334
2011-10-31,26.629999,1253.300049,6.9907596219670465,10.772303853581011,57.825714,6.152313885349758,0.02,0.0016666666666666668
2011-11-30,25.58,1246.959961,-3.942917909985666,-0.5058715193587249,54.599998,-5.578341842869417,0.01,0.0008333333333333334
2011-12-30,25.959999,1257.599976,1.485531665363582,0.8532763948144062,57.857143,5.965467251482326,0.01,0.0008333333333333334
2012-01-31,29.530001,1312.410034,13.7519342739574,4.358306221850627,65.211426,12.711106388367632,0.03,0.0025
2012-02-29,31.74,1365.680054,7.483911023233625,4.058946413084175,77.491432,18.831064973184297,0.09,0.0075
2012-03-30,32.259998,1408.469971,1.6383049779458148,3.1332314530530647,85.650002,10.528351056927177,0.08,0.006666666666666667
2012-04-30,32.02,1397.910034,-0.743949209172301,-0.749745270927038,83.425713,-2.596951486352561,0.08,0.006666666666666667
2012-05-31,29.190001,1310.329956,-8.838222985633992,-6.265072563317764,82.53286,-1.070237182150302,0.09,0.0075
2012-06-29,30.59,1362.160034,4.796159479405304,3.955498213459152,83.428574,1.0852816684166822,0.09,0.0075
2012-07-31,29.469999,1379.319946,-3.661330500163451,1.2597574126154365,87.251427,4.582186673836719,0.1,0.008333333333333333
2012-08-31,30.82,1406.579956,4.580933307802271,1.9763369680148248,95.034286,8.920036345078897,0.1,0.008333333333333333
2012-09-28,29.76,1440.670044,-3.439325113562619,2.4236153696477025,95.300003,0.2796011957200361,0.11,0.009166666666666667
2012-10-31,28.540001,1412.160034,-4.0994590053763496,-1.9789409878227415,85.045715,-10.760008055823466,0.1,0.008333333333333333
2012-11-30,26.620001,1416.180054,-6.727399904435893,0.2846717017343403,83.611427,-1.6864906127251666,0.09,0.0075
2012-12-31,26.709999,1426.189941,0.3380841345573149,0.7068230463864511,76.024284,-9.07428957049138,0.07,0.005833333333333334
2013-01-31,27.450001,1498.109985,2.770505532403811,5.042809651957847,65.07,-14.408927547413665,0.07,0.005833333333333334
2013-02-28,27.799999,1514.680054,1.2750382049166342,1.1060649195259176,63.057144,-3.093370216689706,0.1,0.008333333333333333
2013-03-28,28.610001,1569.189941,2.9136763638013097,3.5987723516956116,63.237144,0.2854553641059354,0.09,0.0075
2013-04-30,33.099998,1597.569946,15.693802317588167,1.808576785925231,63.254284,0.0271043233704526,0.06,0.005
2013-05-31,34.900002,1630.73999,5.438078878433772,2.0762811721046104,64.247147,1.5696375600425805,0.04,0.0033333333333333335
2013-06-28,34.540001,1606.280029,-1.0315214308583842,-1.4999301636062778,56.647144,-11.829323720787166,0.05,0.004166666666666667
2013-07-31,31.84,1685.72998,-7.81702640946651,4.946207981522499,64.647141,14.122507217663106,0.04,0.0033333333333333335
2013-08-30,33.400002,1632.969971,4.899503768844227,-3.1298019033866864,69.602859,7.665796079056286,0.04,0.0033333333333333335
2013-09-30,33.279999,1681.550049,-0.3592903976472938,2.974952317723911,68.10714,-2.1489332787321236,0.02,0.0016666666666666668
2013-10-31,35.41,1756.540039,6.4002435817380965,4.459575261800608,74.671425,9.638174499766096,0.05,0.004166666666666667
2013-11-29,38.130001,1805.810059,7.681448743292862,2.804947163518645,79.438568,6.384159670181733,0.07,0.005833333333333334
2013-12-31,37.41,1848.359985,-1.8882795203703284,2.356279155049279,80.145714,0.8901796920609106,0.07,0.005833333333333334
2014-01-31,37.84,1782.589966,1.1494252873563315,-3.5582905675162646,71.514282,-10.769673846813577,0.04,0.0033333333333333335
2014-02-28,38.310001,1859.449951,1.242074524312886,4.311702997659528,75.177139,5.121853841726343,0.05,0.004166666666666667
2014-03-31,40.990002,1872.339966,6.995564943994648,0.6932165607935747,76.677139,1.9952874237472609,0.05,0.004166666666666667
2014-04-30,40.400002,1883.949951,-1.439375387198072,0.6200788965052828,84.298569,9.939637940847025,0.03,0.0025
2014-05-30,40.939999,1923.569946,1.3366261714541583,2.1030280012996005,90.428574,7.2717782433531,0.03,0.0025
2014-06-30,41.700001,1960.22998,1.8563801137367,1.9058331658920569,92.93,2.76618981075607,0.04,0.0033333333333333335
2014-07-31,43.16,1930.670044,3.5011965587242955,-1.5079830581919862,95.599998,2.8731281609813752,0.03,0.0025
2014-08-29,45.43,2003.369995,5.259499536607981,3.765529548973512,102.5,7.217575464802839,0.03,0.0025
2014-09-30,46.360001,1972.290039,2.04710763812459,-1.5513837223063764,100.75,-1.7073170731707332,0.02,0.0016666666666666668
2014-10-31,46.950001,2018.050049,1.272648807751331,2.320146078677232,108.0,7.196029776674928,0.02,0.0016666666666666668
2014-11-28,47.810001,2067.560059,1.8317358502292655,2.453358876036482,118.93,10.120370370370368,0.02,0.0016666666666666668
2014-12-31,46.450001,2058.899902,-2.8445931218449405,-0.4188587877920424,110.379997,-7.189105356091819,0.03,0.0025
2015-01-30,40.400002,1994.98999,-13.024755370834118,-3.1040805790470194,117.160004,6.142423613220416,0.03,0.0025
2015-02-27,43.849998,2104.5,8.539593636653775,5.489251101455395,128.460007,9.644932241552318,0.02,0.0016666666666666668
2015-03-31,40.66,2067.889893,-7.274796226900637,-1.739610691375626,124.43,-3.1371685975386754,0.03,0.0025
2015-04-30,48.639999,2085.51001,19.6261657648795,0.8520819730124751,125.150002,0.5786401993088441,0.02,0.0016666666666666668
2015-05-29,46.860001,2107.389893,-3.6595354370792754,1.0491382393316817,130.279999,4.099078640046683,0.02,0.0016666666666666668
2015-06-30,44.150002,2063.110107,-5.78318169476778,-2.1011672375900514,125.43,-3.722750258848251,0.02,0.0016666666666666668
2015-07-31,46.700001,2103.840088,5.775761912762767,1.9742029696721453,121.300003,-3.2926708124053294,0.03,0.0025
2015-08-31,43.52,1972.180054,-6.809423837057304,-6.258081816720285,112.760002,-7.040396363386736,0.07,0.005833333333333334
2015-09-30,44.259998,1920.030029,1.700363051470588,-2.6442831573227132,110.300003,-2.1816237640719383,0.02,0.0016666666666666668
2015-10-30,52.639999,2079.360107,18.933577448421943,8.298311776039412,119.5,8.34088553923249,0.02,0.0016666666666666668
2015-11-30,54.349998,2080.409912,3.2484784051762583,0.0504869260724127,118.300003,-1.004181589958153,0.12,0.01
2015-12-31,55.48,2043.939941,2.079120591687955,-1.753018517631444,105.260002,-11.022823896293566,0.23,0.01916666666666667
2016-01-29,55.09,1940.23999,-0.7029560201874396,-5.0735321972946394,97.339996,-7.524231283978122,0.26,0.021666666666666667
2016-02-29,50.880001,1932.22998,-7.642038482483216,-0.4128360430299072,96.690002,-0.6677563455005586,0.31,0.025833333333333333
2016-03-31,55.23,2059.73999,8.549526168444842,6.599111457736506,108.989998,12.721062928512495,0.29,0.024166666666666666
2016-04-29,49.869999,2065.300049,-9.70487235198262,0.2699398480873194,93.739998,-13.99210962459142,0.23,0.01916666666666667
2016-05-31,53.0,2096.949951,6.276320558979753,1.5324602357572603,99.860001,6.528699733917209,0.27,0.022500000000000003
2016-06-30,51.169998,2098.860107,-3.452833962264157,0.0910921120978125,95.599998,-4.265975322792148,0.27,0.022500000000000003
2016-07-29,56.68,2173.600098,10.768032470902188,3.560980112525436,104.209999,9.006277385068561,0.3,0.024999999999999998
2016-08-31,57.459999,2170.949951,1.3761450247000706,-0.1219243136048042,106.099998,1.8136445812651836,0.3,0.024999999999999998
2016-09-30,57.599998,2168.27002,0.2436460188591338,-0.1234450844325385,113.050003,6.550428964192823,0.29,0.024166666666666666
2016-10-31,59.919998,2126.149902,4.027777917631181,-1.9425679279557515,113.540001,0.4334347518770043,0.33,0.0275
2016-11-30,60.259998,2198.810059,0.5674232499139897,3.4174522187570444,110.519997,-2.6598590570736436,0.45,0.0375
2016-12-30,62.139999,2238.830078,3.1198159017529425,1.8200762196895148,115.82,4.795514969114589,0.51,0.0425
2017-01-31,64.650002,2278.870117,4.039271065968308,1.7884358171464498,121.349998,4.77464859264376,0.51,0.0425
2017-02-28,63.98,2363.639893,-1.0363526361530595,3.7198160337279074,136.990005,12.888345494657516,0.52,0.043333333333333335
2017-03-31,65.860001,2362.719971,2.9384198186933386,-0.03891971880845,143.660004,4.868967630156651,0.74,0.06166666666666667
2017-04-28,68.459999,2384.199951,3.947764896025441,0.909120854931822,143.649994,-0.00696784054105,0.8,0.06666666666666667
2017-05-31,69.839996,2411.800049,2.015771282731116,1.157625139134133,152.759995,6.341803954408798,0.89,0.07416666666666667
2017-06-30,68.93,2423.409912,-1.30297258321721,0.4813775090855454,144.020004,-5.721387330498406,0.98,0.08166666666666667
2017-07-31,72.699997,2470.300049,5.469312345858102,1.934882611803057,148.729996,3.2703734683968033,1.07,0.08916666666666667
2017-08-31,74.769997,2471.649902,2.847317861650001,0.0546432811085573,164.0,10.26692961115927,1.01,0.08416666666666667
2017-09-29,74.489998,2519.360107,-0.3744804216054831,1.9302978533243695,154.119995,-6.024393292682939,1.03,0.08583333333333333
2017-10-31,83.18,2575.26001,11.665998433776316,2.218813533034969,169.039993,9.680767248921862,1.07,0.08916666666666667
2017-11-30,84.169998,2647.580078,1.1901875450829549,2.808262766445857,171.850006,1.6623362022974095,1.23,0.1025
2017-12-29,85.540001,2673.610107,1.627661913452827,0.9831630482604048,169.229996,-1.5245911600375583,1.32,0.11
2018-01-31,95.010002,2823.810059,11.070845089188142,5.617870444413309,167.429993,-1.0636429962451843,1.41,0.1175
2018-02-28,93.769997,2713.830078,-1.3051310113644576,-3.894737206189691,178.119995,6.38475927070008,1.57,0.13083333333333333
2018-03-29,91.269997,2640.870117,-2.666097984411797,-2.6884498624825115,167.779999,-5.805073147458817,1.7,0.14166666666666666
2018-04-30,93.519997,2648.050049,2.4652131850075643,0.2718775131643536,165.259995,-1.5019692543924767,1.76,0.14666666666666667
2018-05-31,98.839996,2705.27002,5.688621867684618,2.1608341965291933,186.869995,13.076364912149474,1.86,0.155
2018-06-29,98.610001,2718.370117,-0.2326942627557393,0.4842436024186547,185.110001,-0.941828033976233,1.9,0.15833333333333333
2018-07-31,106.080002,2816.290039,7.575297560335681,3.602155622136727,190.289993,2.7983317875947655,1.96,0.16333333333333333
2018-08-31,112.330002,2901.52002,5.891779677756803,3.0263211466054596,227.630005,19.62268819884816,2.03,0.16916666666666666
2018-09-28,114.370003,2913.97998,1.816078486315709,0.4294287102661442,225.740005,-0.8302947583733622,2.13,0.1775
2018-10-31,106.809998,2711.73999,-6.610129231176121,-6.940335602442948,218.860001,-3.0477557577798353,2.25,0.1875
2018-11-30,110.889999,2760.169922,3.8198680614150105,1.785935678884898,178.580002,-18.40445893080298,2.33,0.19416666666666668
2018-12-31,101.57,2506.850098,-8.404724577551859,-9.17768945965639,157.740005,-11.669838037072044,2.37,0.1975
