firmid,management,emp_firm,lean1,sic
7778,3.33333325386047,250.0,3.0,36.0
7780,3.5,4500.0,3.0,37.0
7781,3.88888883590698,290.0,4.0,30.0
7783,1.83333337306976,350.0,1.0,22.0
7784,2.22222232818604,200.0,2.0,20.0
7785,2.44444441795349,165.0,1.0,22.0
7787,2.11111116409302,200.0,1.0,33.0
7788,3.16666674613953,462.0,2.0,20.0
7789,2.55555558204651,2500.0,2.0,26.0
7790,3.44444441795349,3957.0,3.0,23.0
7791,3.0,160.0,2.0,30.0
7794,1.77777779102325,120.0,1.0,22.0
7795,2.27777767181396,480.0,1.0,20.0
7797,2.38888883590698,700.0,2.0,27.0
7800,3.22222232818604,600.0,3.0,31.0
7801,2.0,350.0,1.0,23.0
7802,2.44444441795349,480.0,2.0,23.0
7804,3.77777767181396,350.0,4.0,28.0
7805,2.61111116409302,280.0,3.0,38.0
7806,2.94444441795349,1150.0,2.0,28.0
7807,2.88888883590698,1200.0,2.0,33.0
7809,2.5,130.0,2.0,37.0
7810,1.77777779102325,400.0,2.0,39.0
7811,3.27777767181396,300.0,3.0,30.0
7812,3.0,5000.0,2.0,33.0
7813,2.83333325386047,160.0,3.0,28.0
7814,3.11111116409302,5000.0,2.0,33.0
7815,2.77777767181396,180.0,2.0,29.0
7816,2.61111116409302,150.0,3.0,37.0
7817,2.27777767181396,850.0,2.0,36.0
7819,3.05555558204651,300.0,2.0,35.0
7820,3.11111116409302,520.0,3.0,28.0
7821,3.83333325386047,420.0,3.0,28.0
7822,3.33333325386047,650.0,4.0,28.0
7824,3.11111116409302,180.0,3.0,27.0
7825,3.66666674613953,1500.0,3.0,29.0
7827,3.05555558204651,900.0,3.0,34.0
7829,2.72222232818604,750.0,2.0,28.0
7830,1.77777779102325,220.0,2.0,30.0
7831,3.22222232818604,202.0,3.0,22.0
7832,3.11111116409302,500.0,2.0,20.0
7833,2.55555558204651,130.0,3.0,36.0
7834,2.72222232818604,520.0,3.0,23.0
7835,2.88888883590698,235.0,3.0,39.0
7837,1.66666662693024,230.0,1.0,35.0
7838,3.22222232818604,350.0,4.0,26.0
7839,1.94444441795349,650.0,1.0,22.0
7840,2.33333325386047,180.0,1.0,20.0
7841,3.0,250.0,4.0,30.0
7842,3.05555558204651,600.0,2.0,28.0
7843,2.94444441795349,1200.0,3.0,20.0
7844,2.33333325386047,700.0,2.0,22.0
7845,3.11111116409302,1200.0,3.0,20.0
7846,2.83333325386047,500.0,3.0,25.0
7847,2.77777767181396,2400.0,2.0,20.0
7849,3.0,1000.0,4.0,28.0
7851,1.66666662693024,150.0,1.0,36.0
7852,1.5,600.0,1.0,28.0
7853,2.72222232818604,2000.0,2.0,28.0
7854,3.11111116409302,250.0,2.0,28.0
7855,1.88888883590698,110.0,2.0,34.0
7856,2.61111116409302,400.0,2.0,20.0
7857,2.77777767181396,159.0,2.0,32.0
7858,2.38888883590698,900.0,2.0,28.0
7859,3.94444441795349,360.0,4.0,35.0
7860,1.27777779102325,145.0,1.0,30.0
7861,3.22222232818604,157.0,3.0,28.0
7862,2.33333325386047,400.0,3.0,27.0
7863,2.5,250.0,3.0,30.0
7864,2.77777767181396,180.0,2.0,35.0
7865,1.83333337306976,100.0,2.0,27.0
7868,2.66666674613953,300.0,4.0,30.0
7869,3.11111116409302,540.0,3.0,28.0
7870,3.66666674613953,1400.0,3.0,32.0
7871,2.44444441795349,1890.0,2.0,20.0
7873,2.5,2300.0,1.0,20.0
7875,2.55555558204651,250.0,3.0,28.0
7876,4.27777767181396,3000.0,5.0,32.0
7879,3.11111116409302,410.0,3.0,36.0
7880,2.5,228.0,3.0,34.0
7881,2.83333325386047,2100.0,4.0,32.0
7882,2.88888883590698,530.0,3.0,36.0
7883,2.83333325386047,864.0,3.0,28.0
7884,3.33333325386047,170.0,4.0,28.0
7885,3.16666674613953,5000.0,4.0,37.0
7886,3.11111116409302,130.0,2.0,35.0
7887,2.33333325386047,370.0,1.0,30.0
7888,2.94444441795349,1200.0,2.0,22.0
7890,2.83333325386047,115.0,2.0,35.0
7891,2.05555558204651,500.0,3.0,34.0
7893,3.0,124.0,3.0,20.0
7894,1.94444441795349,130.0,2.0,25.0
7895,3.22222232818604,115.0,3.0,34.0
7897,3.0,2000.0,4.0,37.0
7898,3.22222232818604,270.0,3.0,26.0
7899,2.77777767181396,250.0,2.0,31.0
7901,2.61111116409302,120.0,1.0,30.0
7902,3.44444441795349,1000.0,3.0,35.0
7903,3.22222232818604,230.0,4.0,33.0
7905,3.61111116409302,550.0,3.0,28.0
7906,3.38888883590698,5000.0,3.0,35.0
7908,3.38888883590698,310.0,4.0,34.0
7909,2.83333325386047,1200.0,3.0,24.0
7910,2.27777767181396,207.0,2.0,34.0
7911,3.27777767181396,1500.0,3.0,30.0
7912,2.61111116409302,550.0,2.0,26.0
7913,2.0,280.0,2.0,34.0
7914,3.16666674613953,250.0,4.0,33.0
7915,3.83333325386047,3600.0,4.0,36.0
7917,3.0,532.0,3.0,22.0
7918,2.27777767181396,271.0,3.0,22.0
7919,3.05555558204651,400.0,2.0,26.0
7921,2.44444441795349,150.0,2.0,26.0
7922,2.33333325386047,275.0,2.0,22.0
7924,2.94444441795349,100.0,2.0,27.0
7925,2.94444441795349,550.0,4.0,26.0
7927,2.05555558204651,180.0,1.0,25.0
7928,2.66666674613953,175.0,2.0,36.0
7930,2.33333325386047,320.0,2.0,34.0
7931,2.16666674613953,1500.0,1.0,32.0
7932,2.38888883590698,1350.0,2.0,28.0
7933,4.0,300.0,4.0,39.0
7934,3.61111116409302,4000.0,4.0,36.0
7935,1.83333337306976,700.0,2.0,27.0
7936,4.05555534362793,3000.0,5.0,34.0
7937,2.38888883590698,240.0,2.0,30.0
7940,2.66666674613953,2400.0,2.0,32.0
7941,4.11111116409302,4000.0,5.0,37.0
7943,3.11111116409302,800.0,3.0,28.0
7944,2.11111116409302,100.0,2.0,25.0
7945,3.22222232818604,200.0,3.0,37.0
7946,3.11111116409302,450.0,2.0,22.0
7947,2.0,110.0,2.0,23.0
7948,3.83333325386047,500.0,3.0,36.0
7950,2.0,110.0,1.0,27.0
7951,3.72222232818604,994.0,4.0,38.0
7954,3.88888883590698,1460.0,4.0,20.0
7956,2.94444441795349,122.0,3.0,28.0
7958,3.05555558204651,184.0,4.0,31.0
7959,3.33333325386047,177.0,3.0,20.0
7960,3.05555558204651,2500.0,4.0,34.0
7961,3.77777767181396,1500.0,4.0,35.0
7962,4.22222232818604,600.0,5.0,20.0
7964,3.0,370.0,4.0,36.0
7966,3.22222232818604,400.0,4.0,30.0
7968,1.77777779102325,200.0,1.0,22.0
7969,2.33333325386047,150.0,1.0,22.0
7970,2.27777767181396,500.0,3.0,37.0
7971,3.22222232818604,170.0,4.0,35.0
7972,2.5,110.0,2.0,34.0
7974,2.88888883590698,500.0,2.0,37.0
7975,2.83333325386047,670.0,2.0,20.0
7976,3.33333325386047,2500.0,3.0,37.0
7977,2.44444441795349,150.0,2.0,34.0
7978,3.16666674613953,700.0,5.0,34.0
7980,3.27777767181396,600.0,2.0,34.0
7986,3.5,370.0,4.0,31.0
7988,3.27777767181396,530.0,3.0,32.0
7989,3.61111116409302,4000.0,5.0,22.0
7991,3.55555558204651,150.0,4.0,26.0
7992,4.0,1200.0,4.0,30.0
7993,3.44444441795349,150.0,3.0,37.0
7995,3.5,600.0,4.0,26.0
7996,1.88888883590698,1000.0,1.0,20.0
7997,3.61111116409302,1000.0,4.0,20.0
7998,2.0,120.0,1.0,20.0
7999,1.94444441795349,300.0,1.0,25.0
8000,3.5,1840.0,3.0,25.0
8001,3.0,1200.0,3.0,28.0
8002,2.77777767181396,150.0,2.0,30.0
8003,3.55555558204651,800.0,5.0,33.0
8005,2.77777767181396,197.0,3.0,30.0
8006,2.83333325386047,300.0,2.0,20.0
8007,2.66666674613953,1050.0,2.0,22.0
8008,2.61111116409302,330.0,3.0,37.0
8009,3.11111116409302,150.0,3.0,30.0
8010,2.66666674613953,140.0,3.0,28.0
8014,2.61111116409302,120.0,2.0,22.0
8015,3.72222232818604,250.0,4.0,37.0
8016,3.5,400.0,3.0,35.0
8017,3.94444441795349,1100.0,4.0,37.0
8018,3.0,270.0,2.0,36.0
8020,4.27777767181396,4500.0,4.0,37.0
8021,3.16666674613953,160.0,3.0,20.0
8022,2.66666674613953,1000.0,1.0,32.0
8023,3.66666674613953,600.0,4.0,30.0
8024,3.11111116409302,1100.0,2.0,26.0
8025,2.77777767181396,400.0,3.0,20.0
8026,3.33333325386047,180.0,3.0,34.0
8029,2.77777767181396,655.0,2.0,20.0
8031,1.94444441795349,200.0,2.0,28.0
8032,3.11111116409302,600.0,3.0,25.0
8034,2.66666674613953,500.0,2.0,23.0
8036,2.83333325386047,180.0,2.0,20.0
8037,2.94444441795349,500.0,3.0,20.0
8039,2.55555558204651,320.0,3.0,32.0
8040,3.27777767181396,300.0,3.0,25.0
8044,1.94444441795349,375.0,2.0,34.0
8045,2.83333325386047,152.0,3.0,30.0
8046,3.72222232818604,1800.0,4.0,37.0
8048,3.0,3500.0,3.0,26.0
8051,2.5,250.0,2.0,25.0
8052,2.11111116409302,250.0,3.0,34.0
8053,3.11111116409302,2000.0,3.0,23.0
8057,2.55555558204651,1200.0,2.0,33.0
8059,3.66666674613953,200.0,5.0,33.0
8060,3.05555558204651,2000.0,4.0,34.0
8061,3.44444441795349,850.0,4.0,30.0
8062,3.72222232818604,200.0,4.0,39.0
8063,3.66666674613953,160.0,4.0,30.0
8064,3.05555558204651,1450.0,3.0,28.0
8065,3.66666674613953,3500.0,5.0,37.0
8068,3.77777767181396,350.0,3.0,37.0
8069,2.61111116409302,180.0,1.0,28.0
8070,2.88888883590698,1580.0,4.0,32.0
8071,2.72222232818604,1100.0,3.0,34.0
8073,3.16666674613953,1030.0,3.0,30.0
8074,2.61111116409302,530.0,2.0,37.0
8075,3.22222232818604,116.0,3.0,28.0
8076,3.44444441795349,200.0,3.0,24.0
8077,3.66666674613953,250.0,4.0,35.0
8079,2.83333325386047,350.0,2.0,32.0
8081,4.5,800.0,5.0,35.0
8082,3.0,500.0,3.0,28.0
8083,4.05555534362793,250.0,4.0,36.0
8085,4.11111116409302,490.0,4.0,30.0
8086,3.88888883590698,400.0,5.0,37.0
8087,2.66666674613953,1200.0,2.0,20.0
8088,2.61111116409302,115.0,2.0,26.0
8089,3.11111116409302,2250.0,3.0,37.0
8090,2.61111116409302,220.0,2.0,34.0
8091,3.66666674613953,270.0,4.0,23.0
8092,3.22222232818604,140.0,4.0,20.0
8093,2.77777767181396,1750.0,4.0,31.0
8094,2.94444441795349,150.0,2.0,37.0
8095,3.72222232818604,220.0,4.0,36.0
8096,2.94444441795349,150.0,2.0,33.0
8098,3.0,290.0,2.0,36.0
8099,2.94444441795349,130.0,2.0,30.0
8100,2.44444441795349,150.0,2.0,25.0
8101,3.88888883590698,280.0,3.0,35.0
8102,3.16666674613953,160.0,3.0,30.0
8103,3.0,1100.0,2.0,28.0
8104,3.27777767181396,300.0,3.0,33.0
8105,1.94444441795349,200.0,2.0,20.0
8108,3.33333325386047,1600.0,3.0,20.0
8111,3.44444441795349,110.0,3.0,23.0
8112,2.88888883590698,115.0,4.0,34.0
8113,2.88888883590698,950.0,2.0,31.0
8115,3.27777767181396,534.0,4.0,28.0
8116,3.0,400.0,3.0,33.0
8118,1.5,318.0,1.0,35.0
8119,2.55555558204651,175.0,3.0,37.0
8121,3.22222232818604,300.0,3.0,23.0
8122,2.61111116409302,180.0,3.0,34.0
8123,4.11111116409302,356.0,5.0,30.0
8124,3.27777767181396,300.0,3.0,20.0
8125,3.0,290.0,4.0,37.0
8126,3.44444441795349,420.0,4.0,38.0
8127,4.61111116409302,2900.0,5.0,38.0
8128,2.88888883590698,600.0,4.0,36.0
8130,2.22222232818604,400.0,2.0,23.0
8132,1.55555558204651,115.0,1.0,34.0
8134,2.94444441795349,120.0,4.0,22.0
8136,3.0,1700.0,2.0,30.0
8137,2.66666674613953,250.0,2.0,20.0
8138,2.22222232818604,180.0,2.0,36.0
8139,3.11111116409302,300.0,2.0,23.0
8140,2.22222232818604,180.0,1.0,27.0
8141,2.38888883590698,1600.0,2.0,28.0
8142,2.61111116409302,150.0,3.0,23.0
8144,3.38888883590698,250.0,3.0,35.0
8145,1.72222220897675,170.0,1.0,26.0
8146,3.05555558204651,1250.0,2.0,35.0
8147,2.94444441795349,140.0,2.0,37.0
8149,3.27777767181396,250.0,3.0,30.0
8150,3.22222232818604,200.0,3.0,28.0
8151,3.16666674613953,800.0,4.0,25.0
8152,3.5,250.0,4.0,20.0
8153,2.44444441795349,200.0,1.0,39.0
8155,2.88888883590698,240.0,4.0,36.0
8157,3.77777767181396,2500.0,4.0,37.0
8159,2.83333325386047,100.0,3.0,33.0
8161,2.88888883590698,202.0,3.0,28.0
8163,2.5,670.0,1.0,28.0
8164,3.27777767181396,300.0,5.0,28.0
8165,2.5,230.0,3.0,25.0
8166,2.5,397.0,3.0,20.0
8168,3.94444441795349,1400.0,4.0,35.0
8169,2.22222232818604,1000.0,1.0,29.0
8170,3.66666674613953,1500.0,4.0,38.0
8171,3.44444441795349,250.0,3.0,25.0
8172,3.16666674613953,300.0,3.0,22.0
8173,2.88888883590698,2000.0,3.0,20.0
8174,2.88888883590698,400.0,3.0,28.0
8176,3.72222232818604,255.0,3.0,34.0
8177,2.5,250.0,2.0,30.0
8178,2.72222232818604,450.0,3.0,33.0
8179,4.0,730.0,4.0,23.0
8180,3.38888883590698,3500.0,3.0,24.0
